"image","drink_category","subcategory","mean_valence","sd_valence","mean_craving","sd_craving","database"
"001_beer.jpg","beer","branding",39.4807692307692,20.8086429861751,30.5,23.5875507210818,"flikr"
"002_beer.jpg","beer","branding",54.7758620689655,23.5588424219303,49.1551724137931,26.2436637125511,"pixabay"
"003_beer.jpg","beer","branding",62.5192307692308,22.574052764628,54.3269230769231,25.0909882688525,"unsplash"
"004_beer.jpg","beer","branding",80.4137931034483,15.9098716820375,66.9827586206897,26.6342948551664,"unsplash"
"005_beer.jpg","beer","branding",59.5,24.5232982460098,41.75,27.5829408774877,"pexels"
"006_beer.jpg","beer","branding",73.5172413793103,19.4288999601113,55.9310344827586,28.1810326090275,"pexels"
"007_beer.jpg","beer","branding",61.3269230769231,23.973613888939,38.2884615384615,26.8586251808676,"pixabay"
"008_beer.jpg","beer","branding",48.1034482758621,25.3914543264671,37.8620689655172,31.88765821633,"pixabay"
"009_beer.jpg","beer","branding",50.8653846153846,23.5854964125337,46.0576923076923,26.7555480495706,"flikr"
"010_beer.jpg","beer","branding",50.7758620689655,26.8243429006344,40.8965517241379,32.0283260897493,"pixabay"
"011_beer.jpg","beer","branding",48.9615384615385,23.1947944958427,41.9038461538462,25.3123697695102,"flikr"
"012_beer.jpg","beer","branding",48.9137931034483,23.6214922079847,41.1379310344828,28.8793304800789,"flikr"
"013_beer.jpg","beer","branding",57.6153846153846,23.5398317802258,52.5961538461538,25.4922207398723,"flikr"
"014_beer.jpg","beer","branding",57.5172413793103,24.0746218416387,46.6896551724138,28.6045063904959,"pixabay"
"015_beer.jpg","beer","branding",49,27.4804743515871,39.75,28.4700565093759,"pixabay"
"016_beer.jpg","beer","branding",66.3103448275862,20.5214538116985,56.5344827586207,26.1441453090036,"pixabay"
"017_beer.jpg","beer","branding",45.1730769230769,23.9940524933324,41.2307692307692,27.0356448695852,"pixabay"
"018_beer.jpg","beer","branding",42.9137931034483,25.353144019544,36.4655172413793,30.2412611806774,"pixabay"
"019_beer.jpg","beer","branding",55.5961538461538,19.3697354546651,50.4807692307692,27.9056466171664,"pexels"
"020_beer.jpg","beer","branding",68.7413793103448,20.0740386978573,56.5172413793103,25.9393634214998,"pexels"
"021_beer.jpg","beer","closeup",49.9423076923077,22.4738745593053,35.9807692307692,27.603985492732,"pixabay"
"022_beer.jpg","beer","closeup",62.6896551724138,21.5880139718185,53.448275862069,26.9659775336185,"pixabay"
"023_beer.jpg","beer","closeup",57.3269230769231,20.1880581608953,49.0192307692308,24.5831844206447,"unsplash"
"024_beer.jpg","beer","closeup",45.2241379310345,24.2566996377078,42.6551724137931,29.5602576515478,"pexels"
"025_beer.jpg","beer","closeup",38.8461538461538,21.9718042271334,37.4230769230769,28.1998095904058,"pexels"
"026_beer.jpg","beer","closeup",52.7758620689655,20.8949277009939,44.5172413793103,26.8002627502898,"pexels"
"027_beer.jpg","beer","closeup",56.7115384615385,22.2713537439179,48.9615384615385,25.4072411620994,"pexels"
"028_beer.jpg","beer","closeup",50.7413793103448,22.2943312319897,39.6551724137931,27.6320127871913,"pexels"
"029_beer.jpg","beer","closeup",49.3653846153846,25.5058846313858,40.75,26.5114662577771,"pexels"
"030_beer.jpg","beer","closeup",53.8103448275862,25.0686474323912,48.4310344827586,29.035436346357,"pexels"
"031_beer.jpg","beer","closeup",51.3461538461538,22.4070057456518,39.7307692307692,25.0435819218241,"pexels"
"032_beer.jpg","beer","closeup",62.7586206896552,22.995278191767,56.2758620689655,29.1383831406414,"unsplash"
"033_beer.jpg","beer","closeup",57.6923076923077,19.623453815987,54.3653846153846,25.1754851550143,"unsplash"
"034_beer.jpg","beer","closeup",52.5862068965517,21.8279030204972,43.0172413793103,26.0455009276515,"unsplash"
"035_beer.jpg","beer","closeup",61.25,20.0527490658523,53.7692307692308,27.0907084748847,"pexels"
"036_beer.jpg","beer","food_setting",67.5,17.8945714191346,58.6730769230769,24.7051008100186,"pixabay"
"037_beer.jpg","beer","food_setting",61.2931034482759,24.0904790254017,51.6896551724138,29.5558982130006,"pexels"
"038_beer.jpg","beer","food_setting",63.8653846153846,20.4728695136681,45.7307692307692,26.9189891316013,"pexels"
"039_beer.jpg","beer","food_setting",64.3965517241379,28.8455899242194,56,29.1409159508781,"pexels"
"040_beer.jpg","beer","food_setting",67.5384615384615,24.1291147367425,39.3269230769231,29.9396262788876,"unsplash"
"041_beer.jpg","beer","food_setting",69.4310344827586,22.7334764122926,54,26.9749721558154,"pixabay"
"042_beer.jpg","beer","food_setting",58.7115384615385,18.3552487962174,42.0192307692308,26.0546111116822,"pixabay"
"043_beer.jpg","beer","food_setting",62.7931034482759,22.0436239105987,49.3448275862069,28.0335336314295,"unsplash"
"044_beer.jpg","beer","food_setting",65.0576923076923,22.0466648240557,52.0384615384615,23.7222172181183,"unsplash"
"045_beer.jpg","beer","food_setting",53.7586206896552,25.2727648601842,43.1724137931035,26.6241797047079,"pexels"
"046_beer.jpg","beer","food_setting",51.7413793103448,26.6810665143811,34.8620689655172,28.8932993360308,"pexels"
"047_beer.jpg","beer","food_setting",67.6538461538462,17.9966060148657,49.3076923076923,25.8339634039837,"pexels"
"048_beer.jpg","beer","food_setting",69.4137931034483,20.5016340664601,58.8448275862069,26.6654397025655,"unsplash"
"049_beer.jpg","beer","food_setting",65.2115384615385,23.4013042526262,43.6346153846154,26.4738338047167,"unsplash"
"050_beer.jpg","beer","food_setting",63.7068965517241,22.8342683537763,56.1551724137931,25.1429608747399,"unsplash"
"051_beer.jpg","beer","food_setting",58.9615384615385,23.3128438373101,51.2115384615385,28.4117736838311,"pixabay"
"052_beer.jpg","beer","food_setting",62.0576923076923,22.0092792031162,51.2692307692308,25.9351494282811,"unsplash"
"053_beer.jpg","beer","food_setting",54.0689655172414,28.4271071949376,45.3103448275862,27.6127398111634,"unsplash"
"054_beer.jpg","beer","food_setting",59.7884615384615,21.8563371152746,40.6730769230769,27.3673063529017,"pexels"
"055_beer.jpg","beer","food_setting",61.1551724137931,19.6815005526723,47.6724137931035,25.6579305691034,"pexels"
"056_beer.jpg","beer","holiday_food",79,16.7332005306815,62.948275862069,26.3514854694926,"unsplash"
"057_beer.jpg","beer","holiday_food",61.8846153846154,23.8003574253552,50.7692307692308,29.4182918850823,"pexels"
"058_beer.jpg","beer","holiday_food",75.5172413793103,21.2877045306987,58.2068965517241,27.4448465240007,"pixabay"
"059_beer.jpg","beer","holiday_setting",70.0961538461538,17.7048344072356,53.1538461538462,25.6793077722539,"pixabay"
"060_beer.jpg","beer","holiday_setting",66.1896551724138,24.0076427133306,52.948275862069,26.7492727651879,"unsplash"
"061_beer.jpg","beer","holiday_setting",66.1538461538462,23.2795328901529,50.6153846153846,25.0842922853529,"pexels"
"062_beer.jpg","beer","holiday_setting",74.4827586206897,23.1609482120457,65.1034482758621,25.6129693402991,"pixabay"
"063_beer.jpg","beer","holiday_setting",60.0961538461538,28.159391993899,45.4230769230769,28.3385320401401,"pexels"
"064_beer.jpg","beer","holiday_setting",78.7413793103448,16.6391636353868,61.3620689655172,27.4230651260475,"pexels"
"065_beer.jpg","beer","holiday_setting",63.5,19.9051673259611,49.6346153846154,25.0059042801651,"pexels"
"066_beer.jpg","beer","holiday_setting",77.5,18.7459937240402,55.7758620689655,28.5368601915956,"pexels"
"067_beer.jpg","beer","holiday_setting",67.9615384615385,21.5869982096718,52.3076923076923,27.2566152873587,"pixabay"
"068_beer.jpg","beer","holiday_setting",73.5172413793103,22.3930137752986,60.2931034482759,26.3545386222015,"pixabay"
"069_beer.jpg","beer","holiday_setting",75.8269230769231,20.1170312722741,55.4615384615385,24.4487952615991,"unsplash"
"070_beer.jpg","beer","holiday_setting",69.3793103448276,18.461745736966,56.448275862069,26.7792616893058,"unsplash"
"071_beer.jpg","beer","holiday_setting",69.6730769230769,25.2071583000265,57.5384615384615,25.7015003288788,"pixabay"
"072_beer.jpg","beer","holiday_setting",67.1896551724138,21.6677113620355,54.7068965517241,26.6207995587474,"pixabay"
"073_beer.jpg","beer","holiday_setting",67.0384615384615,26.4685988861989,44.1730769230769,28.2445352367332,"unsplash"
"074_beer.jpg","beer","holiday_setting",75.2241379310345,18.0535685381893,62.3275862068965,25.513249348466,"pexels"
"075_beer.jpg","beer","holiday_setting",70.4807692307692,22.0422859074129,51.3653846153846,23.9140854761978,"unsplash"
"076_beer.jpg","beer","holiday_setting",78.3103448275862,20.7754974577229,61.8103448275862,26.2741664174459,"pexels"
"077_beer.jpg","beer","holiday_setting",67.4423076923077,22.2432307054797,44.5384615384615,26.116977828992,"pexels"
"078_beer.jpg","beer","holiday_setting",74.4137931034483,19.0926039531235,62.2413793103448,24.5637804571045,"pexels"
"079_beer.jpg","beer","opening_drink",47.7586206896552,20.9546798732513,40.4655172413793,27.7875496020369,"pexels"
"080_beer.jpg","beer","opening_drink",59.9038461538462,21.0380231079251,51.6538461538462,24.4017715648942,"pexels"
"081_beer.jpg","beer","opening_drink",53.3448275862069,20.482385863749,43.6724137931035,25.3331403023817,"stocksnap"
"082_beer.jpg","beer","opening_drink",24.4807692307692,26.4118885773095,17.3846153846154,25.5566681726015,"stocksnap"
"083_beer.jpg","beer","opening_drink",59.7068965517241,21.7279903727481,50.551724137931,25.2080274138617,"unsplash"
"084_beer.jpg","beer","opening_drink",64,18.303540855341,54.4230769230769,21.7348966301517,"pexels"
"085_beer.jpg","beer","opening_drink",58.0172413793103,18.7480912519071,48.6551724137931,24.0821341102296,"pexels"
"086_beer.jpg","beer","opening_drink",37.1730769230769,26.5675027451135,35.5961538461539,28.4103402988672,"pexels"
"087_beer.jpg","beer","opening_drink",46.0172413793103,21.1390479123935,41.7758620689655,26.8119134972525,"pexels"
"088_beer.jpg","beer","opening_drink",55.6538461538462,20.4756044373275,45.4038461538462,25.8413406555819,"pexels"
"089_beer.jpg","beer","opening_drink",61.9827586206897,24.3140933640585,50.551724137931,25.9027685398266,"pexels"
"090_beer.jpg","beer","opening_drink",57.7115384615385,20.0091513753882,41.9423076923077,25.2519954261343,"pexels"
"091_beer.jpg","beer","opening_drink",41.0344827586207,27.6405280354527,33.5689655172414,29.2281479741497,"pexels"
"092_beer.jpg","beer","opening_drink",48.6730769230769,22.4470803847157,38.0769230769231,28.3361102356707,"pexels"
"093_beer.jpg","beer","opening_drink",52.2241379310345,24.8009925547334,40.5,27.7850458327825,"pexels"
"094_beer.jpg","beer","people_drinking",48.4423076923077,24.5751456314185,44.3461538461538,27.0177027044649,"pexels"
"095_beer.jpg","beer","people_drinking",50.7413793103448,24.1897182339845,40.5,28.4939205581108,"pexels"
"096_beer.jpg","beer","people_drinking",58.6923076923077,19.4397394293221,46.0961538461538,24.4325880222719,"pexels"
"097_beer.jpg","beer","people_drinking",50.1896551724138,22.1576939206003,40.1896551724138,26.0495189008689,"pexels"
"098_beer.jpg","beer","people_drinking",52.1923076923077,20.799734596288,41.6346153846154,24.7045513359769,"pexels"
"099_beer.jpg","beer","people_drinking",47.8620689655172,24.3356991946688,43.8448275862069,27.1757126629953,"pexels"
"100_beer.jpg","beer","people_drinking",54.1153846153846,23.0962638911908,51.5576923076923,25.004637578907,"pexels"
"101_beer.jpg","beer","people_drinking",53.3793103448276,19.7402674986825,42.1896551724138,26.1201386958998,"unsplash"
"102_beer.jpg","beer","people_drinking",65.4038461538462,18.9604951695336,52.3076923076923,23.5801000027303,"unsplash"
"103_beer.jpg","beer","people_drinking",46.8448275862069,27.148585129453,33.9827586206897,27.9344416599472,"unsplash"
"104_beer.jpg","beer","people_drinking",59.9615384615385,20.1562149598652,47.9230769230769,24.9688795745755,"unsplash"
"105_beer.jpg","beer","people_drinking",52.948275862069,23.7659807094187,44.9137931034483,23.1238348082048,"unsplash"
"106_beer.jpg","beer","people_drinking",55.3269230769231,24.3646490571943,41.5,24.285475365442,"unsplash"
"107_beer.jpg","beer","people_drinking",36.2241379310345,23.9605253606758,30.8103448275862,25.7419426307597,"unsplash"
"108_beer.jpg","beer","people_drinking",45.1153846153846,24.3847057870248,35.9423076923077,28.355179671058,"unsplash"
"109_beer.jpg","beer","people_drinking",49.8448275862069,21.2353575758276,37.3275862068965,27.3055408110454,"unsplash"
"110_beer.jpg","beer","people_drinking",55.9615384615385,22.6178495696508,44.7884615384615,26.109375176295,"pexels"
"111_beer.jpg","beer","people_drinking",56.6896551724138,21.0914524106636,50.051724137931,26.0373701839875,"pexels"
"112_beer.jpg","beer","people_drinking",58.0172413793103,24.4723197584897,46.1551724137931,25.5918035975048,"freepik"
"113_beer.jpg","beer","pouring",62.9615384615385,20.5626365312462,56.8269230769231,22.1356966200911,"pixabay"
"114_beer.jpg","beer","pouring",59.8448275862069,20.6242930546683,51.4137931034483,28.6717872718104,"pixabay"
"115_beer.jpg","beer","pouring",57.0576923076923,19.610334871843,48.9230769230769,24.7860224318862,"pixabay"
"116_beer.jpg","beer","pouring",55.8103448275862,23.9688810654175,45.0344827586207,25.2954232856747,"pixabay"
"117_beer.jpg","beer","pouring",63.7307692307692,21.9501354541494,54.1538461538462,23.660494595948,"pixabay"
"118_beer.jpg","beer","pouring",60.3275862068966,19.8170473583026,51.551724137931,25.6393149413046,"unsplash"
"119_beer.jpg","beer","pouring",60.1538461538462,21.0362754991902,52.6923076923077,26.3673434841903,"unsplash"
"120_beer.jpg","beer","pouring",59.5344827586207,20.8673467048328,49.7068965517241,27.9586214432446,"unsplash"
"121_beer.jpg","beer","pouring",58.9423076923077,25.3535111553305,49.3653846153846,25.4265793048001,"unsplash"
"122_beer.jpg","beer","pouring",60.6896551724138,22.8090524477283,49.6551724137931,27.974644988819,"unsplash"
"123_beer.jpg","beer","pouring",57.6538461538462,17.4601895811919,46.8076923076923,24.7972472077031,"unsplash"
"124_beer.jpg","beer","pouring",61.8620689655172,18.9157395483715,53.2413793103448,24.7516154672693,"pexels"
"125_beer.jpg","beer","pouring",53.1730769230769,22.9950729196974,40.3269230769231,25.1752455087401,"pexels"
"126_beer.jpg","beer","pouring",60.5344827586207,22.6314604169718,50.9137931034483,27.9732230878273,"pexels"
"127_beer.jpg","beer","pouring",50.7692307692308,19.5323917841223,47.2884615384615,25.4221892721821,"pexels"
"128_beer.jpg","beer","pouring",55.4310344827586,25.619422503979,47.5,26.7694838044721,"pexels"
"129_beer.jpg","beer","pouring",48.9615384615385,20.3816156476923,45.4615384615385,24.4760479464501,"pexels"
"130_beer.jpg","beer","pouring",49.1379310344828,24.1961634452416,39.0344827586207,28.9506328247905,"pexels"
"131_beer.jpg","beer","pouring",57.2692307692308,19.3341264725228,47.6923076923077,25.1431497407119,"pexels"
"132_beer.jpg","beer","pouring",53.9827586206897,23.7830039411978,47.7413793103448,27.087616348945,"pexels"
"133_beer.jpg","beer","pouring",45.5576923076923,22.5383450699404,37.4423076923077,26.1679443636139,"pexels"
"134_beer.jpg","beer","pouring",60,18.981985920174,54.7241379310345,25.2606018065636,"pexels"
"135_beer.jpg","beer","pouring",57.2115384615385,20.3376754011854,49.8269230769231,24.1950579574134,"pexels"
"136_beer.jpg","beer","pouring",62.8965517241379,21.462075613863,55.2413793103448,26.4271991365804,"pexels"
"137_beer.jpg","beer","pouring",60.0961538461538,18.9159747981462,50.2307692307692,26.9492008573104,"pexels"
"138_beer.jpg","beer","pouring",61.8103448275862,20.5165375285332,55.051724137931,24.8083336406907,"pexels"
"139_beer.jpg","beer","pouring",62,18.232700637838,52.3846153846154,25.6447478444619,"pexels"
"140_beer.jpg","beer","pouring",63.7413793103448,19.2358951240128,51.4655172413793,24.7643033397511,"unsplash"
"141_beer.jpg","beer","pouring",57.1923076923077,22.662085864867,51.8653846153846,25.4504738937765,"unsplash"
"142_beer.jpg","beer","smoking_context",58.6896551724138,25.3364773417603,50.3448275862069,28.5893807571101,"pexels"
"143_beer.jpg","beer","smoking_context",51.8269230769231,23.2081131468524,42.2884615384615,28.0226354853984,"pexels"
"144_beer.jpg","beer","smoking_context",51.6206896551724,29.7155093217813,47.1379310344828,29.7324020048434,"unsplash"
"145_beer.jpg","beer","smoking_context",57.5192307692308,22.5009719917419,48.75,22.8300412683316,"unsplash"
"146_beer.jpg","beer","smoking_context",59.5172413793103,26.2386091437859,50.3965517241379,29.0576798769381,"pixabay"
"147_beer.jpg","beer","smoking_context",63.4807692307692,24.3120968716942,48.5,29.5916654932883,"unsplash"
"148_beer.jpg","beer","smoking_context",60.5,26.5404358826698,49.8793103448276,30.9867416957566,"pexels"
"149_beer.jpg","beer","smoking_context",37.5576923076923,23.5125443878314,31.1730769230769,25.688725804994,"pexels"
"150_beer.jpg","beer","smoking_context",55.3275862068966,26.1053116400814,48.5,30.7720823577407,"pexels"
"151_beer.jpg","beer","smoking_context",47.1346153846154,24.3093049611112,38.6923076923077,27.3198473150059,"pexels"
"152_beer.jpg","beer","social_food",76.8653846153846,14.3568373355883,59,24.4123080497057,"unsplash"
"153_beer.jpg","beer","social_food",74.5344827586207,22.2160172321141,65.7413793103448,23.8265371329603,"shutterstock"
"154_beer.jpg","beer","social_food",68.4615384615385,22.4529674343133,47.1730769230769,25.5025728450966,"pexels"
"155_beer.jpg","beer","social_food",64.551724137931,24.0956954835266,53.5862068965517,26.8171419927292,"unsplash"
"156_beer.jpg","beer","social_food",59.7115384615385,25.2767711223376,51.7884615384615,26.9497255531601,"pexels"
"157_beer.jpg","beer","social_food",70.6551724137931,20.7326775922742,55.2413793103448,27.1178780575625,"pixabay"
"158_beer.jpg","beer","social_food",74.3846153846154,21.1318492515527,52.8076923076923,26.0685660469963,"unsplash"
"159_beer.jpg","beer","social_food",71.7241379310345,24.3229680664098,59.7586206896552,26.2259482760187,"unsplash"
"160_beer.jpg","beer","social_food",77.1730769230769,16.3691737473349,56.2692307692308,24.4973911252954,"unsplash"
"161_beer.jpg","beer","social_food",74.6206896551724,25.7353791475259,58.8620689655172,26.7210727512504,"unsplash"
"162_beer.jpg","beer","social_setting",62.5,23.2695205845607,52.3653846153846,24.6465436037972,"unsplash"
"163_beer.jpg","beer","social_setting",68.5,21.5441203767296,59.0689655172414,26.7987051722853,"unsplash"
"164_beer.jpg","beer","social_setting",63.9615384615385,20.6739027861276,49.3076923076923,26.3301351705522,"pixabay"
"165_beer.jpg","beer","social_setting",69.7931034482759,20.823197776476,58.6896551724138,25.2567218056943,"unsplash"
"166_beer.jpg","beer","social_setting",66.25,19.6627197767656,50.0769230769231,22.8866312153214,"unsplash"
"167_beer.jpg","beer","social_setting",71.2931034482759,18.244930678487,56.4655172413793,24.7777599183194,"unsplash"
"168_beer.jpg","beer","social_setting",71.5769230769231,20.6875411534179,58.1153846153846,23.2561641385119,"unsplash"
"169_beer.jpg","beer","social_setting",73.5172413793103,21.7805976585071,61.2586206896552,24.560387693971,"pixabay"
"170_beer.jpg","beer","social_setting",51.9423076923077,31.4601605904048,47.8653846153846,31.3581642408329,"pixabay"
"171_beer.jpg","beer","social_setting",59.7931034482759,23.1567947822146,53.2586206896552,25.8528632537095,"pexels"
"172_beer.jpg","beer","social_setting",66.6153846153846,21.5362474621539,54.9038461538462,25.0890645777724,"pexels"
"173_beer.jpg","beer","social_setting",63.9827586206897,16.8684189291345,53.0689655172414,24.48763531094,"pexels"
"174_beer.jpg","beer","social_setting",67.9807692307692,19.1654206428215,53.7307692307692,23.3726129196288,"pexels"
"175_beer.jpg","beer","social_setting",72.2413793103448,16.4661378686606,61.1379310344828,23.0258803865153,"pexels"
"176_beer.jpg","beer","social_setting",65.5576923076923,22.6416356555433,55.3269230769231,25.5663083702016,"pexels"
"177_beer.jpg","beer","social_setting",57.4655172413793,26.7242025251449,50.1724137931035,28.6345012920921,"pexels"
"178_beer.jpg","beer","social_setting",62.1538461538462,27.6918510101442,50.7115384615385,27.214713824825,"pexels"
"179_beer.jpg","beer","social_setting",76.2068965517241,20.1927193937673,63.9827586206897,22.4362577635385,"pexels"
"180_beer.jpg","beer","social_setting",58.7307692307692,19.7505178731958,48.8461538461538,21.279083548916,"pexels"
"181_beer.jpg","beer","social_setting",70.1034482758621,16.7223871954581,60.2413793103448,22.0480419187304,"pexels"
"182_beer.jpg","beer","social_setting",76.8269230769231,20.4601201325189,62.9807692307692,26.2054405252454,"pexels"
"183_beer.jpg","beer","social_setting",60.6724137931035,22.3931285912995,50.2068965517241,27.6568944614588,"pexels"
"184_beer.jpg","beer","social_setting",58.4423076923077,21.3875659878318,45.7884615384615,24.1428238341079,"pexels"
"185_beer.jpg","beer","social_setting",65.7241379310345,20.0952059425968,56.6379310344828,24.6809097872219,"pexels"
"186_beer.jpg","beer","social_setting",64.0192307692308,20.3667264059475,50.6538461538462,26.4566864785983,"pexels"
"187_beer.jpg","beer","social_setting",63.7586206896552,21.5970354892465,52.1034482758621,24.1905372648882,"pexels"
"188_beer.jpg","beer","social_setting",72.0769230769231,18.0629033275777,50.5,25.0290027846128,"pexels"
"189_beer.jpg","beer","social_setting",69.1551724137931,18.2274149836804,59.8448275862069,24.7200477801005,"pexels"
"190_beer.jpg","beer","social_setting",72.8653846153846,20.3036062151374,55.4615384615385,24.8907113460467,"unsplash"
"191_beer.jpg","beer","social_setting",62.6206896551724,21.0811527916479,49.8275862068966,28.2719487354419,"unsplash"
"192_beer.jpg","beer","social_setting",55.9615384615385,21.3256372807441,48.6346153846154,25.7423347404307,"depositphotos"
"193_beer.jpg","beer","social_setting",55.1034482758621,30.7164106405294,48.2586206896552,30.4369122306173,"pexels"
"194_beer.jpg","beer","social_setting",68.0961538461538,22.2386870251667,59.3269230769231,26.0337045143227,"unsplash"
"195_beer.jpg","beer","social_setting",67.6538461538462,22.6411776657822,52.4615384615385,24.3990208245038,"unsplash"
"196_beer.jpg","beer","social_setting",64.7931034482759,25.0415504681471,57.4137931034483,26.1969828735246,"unsplash"
"197_beer.jpg","beer","social_setting",72.6730769230769,19.8442179595302,56.3269230769231,25.7245752295167,"unsplash"
"198_beer.jpg","beer","social_setting",72.4655172413793,18.1322776239785,60.8275862068965,23.4259849208092,"unsplash"
"199_beer.jpg","beer","social_setting",66.5961538461538,22.7959917489677,50.4423076923077,26.9366820827837,"unsplash"
"200_beer.jpg","beer","social_setting",48.3620689655172,23.8685716253352,40.0689655172414,26.3537753671851,"unsplash"
"201_beer.jpg","beer","social_setting",66.2692307692308,23.7256503740402,48.6730769230769,27.339349759072,"unsplash"
"202_beer.jpg","beer","social_setting",77.3965517241379,15.1968829389017,64.2931034482759,22.1081937820551,"pexels"
"203_beer.jpg","beer","social_setting",71.1153846153846,22.6045751452273,54.3461538461538,25.6514224773817,"pexels"
"204_beer.jpg","beer","social_setting",63.2586206896552,25.9889047478717,53.3103448275862,29.5487743662182,"pexels"
"205_beer.jpg","beer","social_setting",72.3076923076923,20.3937115082061,55.1538461538462,26.3880429067117,"pexels"
"206_general_alcohol.jpg","general_alcohol","drinking_setting",69.3620689655172,24.178936952139,51.6379310344828,29.7585006436239,"unsplash"
"207_general_alcohol.jpg","general_alcohol","drinking_setting",53.9230769230769,30.4391686224401,50.0192307692308,30.1951108785066,"unsplash"
"208_general_alcohol.jpg","general_alcohol","drinking_setting",51.188679245283,30.9870050950479,29.9491525423729,30.3811555300057,"unsplash"
"209_general_alcohol.jpg","general_alcohol","drinking_setting",58.6206896551724,22.8663758251211,44.2586206896552,28.4281552707736,"unsplash"
"210_general_alcohol.jpg","general_alcohol","drinking_setting",70.7333333333333,19.9002055722593,43.3,29.3043494716942,"unsplash"
"211_general_alcohol.jpg","general_alcohol","drinking_setting",69.4666666666667,28.6974082965318,58.5573770491803,32.2379303461848,"unsplash"
"212_general_alcohol.jpg","general_alcohol","drinking_setting",46.4358974358974,25.761859682581,34.3333333333333,29.487398438429,"unsplash"
"213_general_alcohol.jpg","general_alcohol","drinking_setting",81.7413793103448,18.3824480976862,55.5,27.1098774350873,"unsplash"
"214_general_alcohol.jpg","general_alcohol","drinking_setting",74.1463414634146,18.7090365540422,54.1951219512195,29.8472942761945,"unsplash"
"215_general_alcohol.jpg","general_alcohol","drinking_setting",66.6538461538462,23.9721117505277,46.0769230769231,28.7851038231863,"unsplash"
"216_general_alcohol.jpg","general_alcohol","drinking_setting",72.7735849056604,21.4365266178961,56.6415094339623,28.3210266679008,"unsplash"
"217_general_alcohol.jpg","general_alcohol","drinking_setting",68.027027027027,27.0611308855488,56.65,31.7688365282548,"unsplash"
"218_general_alcohol.jpg","general_alcohol","drinking_setting",57.0754716981132,27.9827206687131,56.6415094339623,32.5677367129015,"unsplash"
"219_general_alcohol.jpg","general_alcohol","drinking_setting",81.3061224489796,19.2799594588447,64.5,28.5330098843642,"unsplash"
"220_general_alcohol.jpg","general_alcohol","drinking_setting",73.225,25.9738403901961,51,32.0076210437147,"pexels"
"221_general_alcohol.jpg","general_alcohol","drinking_setting",60.9655172413793,24.2739955560283,46.0862068965517,28.0602637711019,"unsplash"
"222_general_alcohol.jpg","general_alcohol","drinking_setting",76.5087719298246,21.0519110152376,43.4166666666667,31.6089944647635,"unsplash"
"223_general_alcohol.jpg","general_alcohol","drinking_setting",69.0943396226415,23.2041642076319,56.2452830188679,29.4859194951769,"unsplash"
"224_general_alcohol.jpg","general_alcohol","drinking_setting",74.5576923076923,19.7567694643678,48.3846153846154,27.1633792160954,"unsplash"
"225_general_alcohol.jpg","general_alcohol","drinking_setting",63.578947368421,29.5485231523276,53.5526315789474,35.4779698438196,"unsplash"
"226_general_alcohol.jpg","general_alcohol","drinking_setting",67,21.1328297023392,56.4310344827586,26.4330415697923,"unsplash"
"227_general_alcohol.jpg","general_alcohol","negative_context",16.7115384615385,17.022864138243,11.8846153846154,17.8530536149585,"unsplash"
"228_general_alcohol.jpg","general_alcohol","negative_context",22.9655172413793,23.113727611827,18.3965517241379,23.9450684628435,"unsplash"
"229_general_alcohol.jpg","general_alcohol","negative_context",26.9464285714286,24.4759025409648,25.6101694915254,27.8889527932085,"unsplash"
"230_general_alcohol.jpg","general_alcohol","negative_context",19.7692307692308,20.4533635613231,7.81395348837209,15.1677223294881,"unsplash"
"231_general_alcohol.jpg","general_alcohol","negative_context",22.0377358490566,19.8968129107605,20.6981132075472,23.7086359676907,"unsplash"
"232_general_alcohol.jpg","general_alcohol","negative_context",14.2307692307692,15.4851166806185,22.3148148148148,27.294220878444,"pexels"
"233_general_alcohol.jpg","general_alcohol","negative_context",41.0344827586207,24.4159607829763,41.2413793103448,28.1738402646339,"pexels"
"234_general_alcohol.jpg","general_alcohol","negative_context",53.9230769230769,26.5077466693071,37.0769230769231,26.772715225449,"pexels"
"235_general_alcohol.jpg","general_alcohol","negative_context",30.1034482758621,30.4271863982083,14.4354838709677,22.808267819139,"pexels"
"236_general_alcohol.jpg","general_alcohol","negative_context",35.3103448275862,24.6435692451837,32.948275862069,26.953776165999,"pexels"
"237_general_alcohol.jpg","general_alcohol","negative_context",23.5365853658537,21.1979923117445,23.953488372093,24.8968859100434,"pexels"
"238_general_alcohol.jpg","general_alcohol","negative_context",17.54,21.9286505349899,16.7692307692308,23.812680247573,"pexels"
"239_general_alcohol.jpg","general_alcohol","negative_context",24.9433962264151,19.5923995215763,27.6603773584906,21.4968185447794,"pexels"
"240_general_alcohol.jpg","general_alcohol","negative_context",19.1428571428571,17.2776062995575,20.3488372093023,24.6980659749188,"pexels"
"241_general_alcohol.jpg","general_alcohol","negative_context",22.3962264150943,22.2488890151686,23.3018867924528,24.6354848086286,"pexels"
"242_general_alcohol.jpg","general_alcohol","negative_context",16.5,18.1701002301276,17.1935483870968,23.760304897915,"pexels"
"243_general_alcohol.jpg","general_alcohol","negative_context",35.6857142857143,21.7089997989062,34.3658536585366,31.1799263129028,"pexels"
"244_general_alcohol.jpg","general_alcohol","negative_context",45.5471698113208,22.6550775746391,39,27.5080407825114,"pexels"
"245_general_alcohol.jpg","general_alcohol","negative_context",17.2307692307692,17.4378015551538,11.6829268292683,17.3787787608771,"pexels"
"246_general_alcohol.jpg","general_alcohol","negative_context",28.4423076923077,25.6265896391018,21.0961538461538,23.4690113707622,"pexels"
"247_general_alcohol.jpg","general_alcohol","negative_context",33.1034482758621,25.3838528970837,32.2758620689655,26.2763939843873,"pexels"
"248_general_alcohol.jpg","general_alcohol","negative_context",44.4807692307692,23.1487012167882,38.9423076923077,28.1949887506374,"pexels"
"249_general_alcohol.jpg","general_alcohol","negative_context",16.0576923076923,19.7815654543577,19.5849056603774,28.0812241968682,"pexels"
"250_general_alcohol.jpg","general_alcohol","negative_context",18.9655172413793,22.5691650517089,15.2241379310345,23.0232857741959,"pexels"
"251_general_alcohol.jpg","general_alcohol","negative_context",40.3207547169811,18.7665553424023,26.5660377358491,23.9466630355256,"pexels"
"252_general_alcohol.jpg","general_alcohol","negative_context",23.55,20.8289123514309,18,24.312999634342,"pexels"
"253_general_alcohol.jpg","general_alcohol","negative_context",14.7169811320755,16.5835615531797,19.5660377358491,23.1005406479874,"pexels"
"254_general_alcohol.jpg","general_alcohol","negative_context",11.8095238095238,14.5478710812061,11.3548387096774,19.341704515893,"pexels"
"255_general_alcohol.jpg","general_alcohol","negative_context",19,20.8548094434612,16.3170731707317,23.676400723495,"pexels"
"256_general_alcohol.jpg","general_alcohol","negative_context",31.6037735849057,25.2467359829722,25.4528301886792,24.9118183551316,"pexels"
"257_general_alcohol.jpg","general_alcohol","negative_context",9,11.3602621253013,5.63414634146342,8.78281303900116,"pexels"
"258_general_alcohol.jpg","general_alcohol","negative_context",46.3269230769231,23.670715881589,31.6346153846154,24.6823179117406,"pexels"
"259_general_alcohol.jpg","general_alcohol","negative_context",34.2586206896552,22.7569617995203,32.9137931034483,26.7235913141998,"pexels"
"260_general_alcohol.jpg","general_alcohol","negative_context",25.3958333333333,24.7091503279469,31.0961538461539,28.4634334496134,"pexels"
"261_general_alcohol.jpg","general_alcohol","negative_context",38.3076923076923,22.105396787191,37.6346153846154,26.6517327150021,"pexels"
"262_general_alcohol.jpg","general_alcohol","negative_context",9.29032258064516,13.0502020545556,16.4098360655738,22.0207304217188,"pexels"
"263_general_alcohol.jpg","general_alcohol","negative_context",16.2307692307692,20.8858854531329,21.0961538461538,28.3854834588307,"pexels"
"264_general_alcohol.jpg","general_alcohol","negative_context",19.5344827586207,20.9646448560021,17.1379310344828,22.5617657295981,"pexels"
"265_general_alcohol.jpg","general_alcohol","negative_context",18.6346153846154,20.3489449995391,21.1730769230769,22.566434517165,"pexels"
"266_general_alcohol.jpg","general_alcohol","negative_context",24.948275862069,24.2461227964268,22.8275862068966,24.3022906515721,"pexels"
"267_general_alcohol.jpg","general_alcohol","negative_context",58.9285714285714,31.9783205783698,45.6491228070175,31.6563530229999,"pexels"
"268_general_alcohol.jpg","general_alcohol","negative_context",28.8846153846154,21.2968319895318,27.6923076923077,23.3074409237323,"pexels"
"269_general_alcohol.jpg","general_alcohol","negative_context",12.4285714285714,12.4783145229367,19.7307692307692,26.9968156325638,"pexels"
"270_general_alcohol.jpg","general_alcohol","negative_context",32.0566037735849,24.9417899967872,31.3584905660377,27.5556041623971,"pexels"
"271_general_alcohol.jpg","general_alcohol","negative_context",17.547619047619,19.0534580190967,7.26190476190476,12.5174210774318,"pexels"
"272_general_alcohol.jpg","general_alcohol","negative_context",33.3965517241379,27.697577102961,27.6034482758621,28.0837966988724,"pexels"
"273_general_alcohol.jpg","general_alcohol","negative_context",9.91666666666666,16.0320565168101,17.047619047619,22.5856281532824,"pexels"
"274_general_alcohol.jpg","general_alcohol","negative_context",18.0192307692308,24.8576262686204,17.8461538461538,23.5907797005065,"pexels"
"275_general_alcohol.jpg","general_alcohol","negative_context",27.9056603773585,24.8365922279572,30.4339622641509,27.4930127025047,"pexels"
"276_general_alcohol.jpg","general_alcohol","negative_context",25.2,19.6719245470446,20.8421052631579,26.2148362323956,"pexels"
"277_general_alcohol.jpg","general_alcohol","negative_context",11.6538461538462,17.4129595815195,21.5961538461538,27.2052904423808,"pexels"
"278_general_alcohol.jpg","general_alcohol","negative_context",10.7301587301587,14.0427990376957,12.0967741935484,15.8824675761933,"pexels"
"279_general_alcohol.jpg","general_alcohol","negative_context",12.9259259259259,19.4546903224281,18.0192307692308,27.3119168019508,"pexels"
"280_general_alcohol.jpg","general_alcohol","negative_context",15.2321428571429,19.7465680069208,18.0806451612903,22.3278833154295,"pexels"
"281_general_alcohol.jpg","general_alcohol","negative_context",14.62,20.8736627336548,15.3076923076923,24.9764896994632,"unsplash"
"282_general_alcohol.jpg","general_alcohol","negative_context",19.7796610169492,18.9773620097375,19.8813559322034,21.1953839686387,"unsplash"
"283_general_alcohol.jpg","general_alcohol","negative_context",35.5,24.9112459631909,34.3620689655172,27.6619304395822,"unsplash"
"284_general_alcohol.jpg","general_alcohol","negative_context",17.6981132075472,20.2594563918835,14.9803921568627,25.7732343302725,"unsplash"
"285_general_alcohol.jpg","general_alcohol","negative_context",19.2884615384615,21.4515747751028,12.7115384615385,20.8282769127778,"unsplash"
"286_general_alcohol.jpg","general_alcohol","negative_context",16.1698113207547,21.0966054953221,22.7169811320755,27.9335594680902,"unsplash"
"287_general_alcohol.jpg","general_alcohol","supermarket_setting",39.4761904761905,23.7612495516443,34.8269230769231,32.6206485514242,"own_image"
"288_general_alcohol.jpg","general_alcohol","supermarket_setting",37.5416666666667,23.3009527093448,32.406779661017,29.4583976927298,"own_image"
"289_general_alcohol.jpg","general_alcohol","supermarket_setting",42.5416666666667,25.9581254208065,29.0526315789474,27.8052565207538,"own_image"
"290_general_alcohol.jpg","general_alcohol","supermarket_setting",44.8076923076923,22.8207322849447,41.8461538461538,28.9823371602427,"own_image"
"291_general_alcohol.jpg","general_alcohol","supermarket_setting",28.4716981132075,22.4898299866893,22.0754716981132,26.1782712720388,"own_image"
"292_general_alcohol.jpg","general_alcohol","supermarket_setting",40.1206896551724,24.0548186704955,31.5862068965517,25.6624748110958,"own_image"
"293_neutral.jpg","neutral","neutral",55.8103448275862,29.7954764590679,11.3275862068965,21.5214197104208,"pexels"
"294_neutral.jpg","neutral","neutral",60.4230769230769,25.6326585141645,19.2115384615385,24.9370474363271,"pexels"
"295_neutral.jpg","neutral","neutral",75.2,18.6110830902746,4.34883720930233,10.8053860487881,"pexels"
"296_neutral.jpg","neutral","neutral",37.5862068965517,26.3459004985453,17.2758620689655,22.5503670981504,"unsplash"
"297_neutral.jpg","neutral","neutral",56.7307692307692,20.8450072873205,16.0576923076923,22.9487181593738,"pexels"
"298_neutral.jpg","neutral","neutral",43.64,26.6237362767387,2.63636363636364,6.86443787935889,"pexels"
"299_neutral.jpg","neutral","neutral",64.5849056603774,27.1211200431467,12.3584905660377,18.0757959071736,"unsplash"
"300_neutral.jpg","neutral","neutral",72.8444444444444,23.4743143529994,13.6595744680851,19.0071801029811,"pexels"
"301_neutral.jpg","neutral","neutral",70.2075471698113,25.5533819006454,16.65,23.7977530629986,"pexels"
"302_neutral.jpg","neutral","neutral",63.4137931034483,26.7994726858038,16.9827586206897,22.0394314723616,"unsplash"
"303_neutral.jpg","neutral","neutral",63.0576923076923,26.9825022906374,21,23.3380947522857,"unsplash"
"304_neutral.jpg","neutral","neutral",52.3181818181818,29.5608917380095,3.85714285714286,8.85815437631925,"unsplash"
"305_neutral.jpg","neutral","neutral",54.5849056603774,23.6321439847901,16.7169811320755,23.374359191949,"unsplash"
"306_neutral.jpg","neutral","neutral",44.0208333333333,29.0087951324329,18.0192307692308,24.6349746471814,"unsplash"
"307_neutral.jpg","neutral","neutral",74.4561403508772,16.8152462445741,12.3166666666667,19.9902447960411,"unsplash"
"308_neutral.jpg","neutral","neutral",46.0862068965517,22.9264915968165,20.6724137931034,26.4962016020135,"unsplash"
"309_neutral.jpg","neutral","neutral",59.8653846153846,25.9131496985633,24,24.8769520861789,"unsplash"
"310_neutral.jpg","neutral","neutral",40.96,27.1990808668234,4,8.61043174781154,"unsplash"
"311_neutral.jpg","neutral","neutral",73.7358490566038,17.0679084196902,24.4339622641509,25.1468834542193,"pexels"
"312_neutral.jpg","neutral","neutral",51.9130434782609,26.5997711660638,10.3461538461538,19.6826634330571,"pexels"
"313_neutral.jpg","neutral","neutral",62.5510204081633,26.1462722203454,12.0967741935484,18.2987141691229,"pexels"
"314_neutral.jpg","neutral","neutral",55.0344827586207,24.787493675445,31.7758620689655,28.2327687572427,"pexels"
"315_neutral.jpg","neutral","neutral",50.9807692307692,27.3642749674593,18.4038461538462,22.4484242124681,"pexels"
"316_neutral.jpg","neutral","neutral",48.8518518518519,24.2291999672736,5,11.3644181549255,"pexels"
"317_neutral.jpg","neutral","neutral",55.5094339622642,20.5085560395481,31.4150943396226,26.7908092465883,"unsplash"
"318_neutral.jpg","neutral","neutral",60.078947368421,23.0409524706318,15.4166666666667,21.4275953847283,"unsplash"
"319_neutral.jpg","neutral","neutral",51.0851063829787,27.2483184860006,29.6551724137931,28.0773066410467,"unsplash"
"320_neutral.jpg","neutral","neutral",47.4655172413793,24.4075164704253,18.9310344827586,25.543126289972,"unsplash"
"321_neutral.jpg","neutral","neutral",36.1538461538462,22.9683367861272,21.7884615384615,19.6831136330767,"unsplash"
"322_neutral.jpg","neutral","neutral",51.4193548387097,31.3121639766916,15.7209302325581,25.0668872660588,"unsplash"
"323_neutral.jpg","neutral","neutral",42.7169811320755,26.259340725284,12.4339622641509,17.724938357235,"pexels"
"324_neutral.jpg","neutral","neutral",41.9024390243902,28.7730819326404,16.96,25.6331736590835,"unsplash"
"325_neutral.jpg","neutral","neutral",37.58,26.4598964935424,11.5166666666667,21.1784121511254,"unsplash"
"326_neutral.jpg","neutral","neutral",63.9655172413793,28.5497199526876,24.6206896551724,27.6417098934169,"unsplash"
"327_neutral.jpg","neutral","neutral",60.8269230769231,24.1187594011962,16.7115384615385,23.9577541080222,"unsplash"
"328_neutral.jpg","neutral","neutral",59.5,25.0869455835037,5.37209302325581,8.28372832960857,"unsplash"
"329_neutral.jpg","neutral","neutral",63.3584905660377,25.6500819758944,13.377358490566,20.1830340166937,"unsplash"
"330_neutral.jpg","neutral","neutral",67.1666666666667,27.8402229550052,19.3921568627451,26.9689291084185,"unsplash"
"331_neutral.jpg","neutral","neutral",69.156862745098,20.3562005777302,11.2903225806452,19.2867805714761,"pexels"
"332_neutral.jpg","neutral","neutral",56.8275862068965,25.9027451847574,14.3620689655172,21.6598085846802,"unsplash"
"333_neutral.jpg","neutral","neutral",71.5769230769231,20.7329860829437,18.1538461538462,24.6738605954105,"unsplash"
"334_neutral.jpg","neutral","neutral",41.6551724137931,25.7602626734458,5.69767441860465,12.2075988897644,"unsplash"
"335_neutral.jpg","neutral","neutral",53.1320754716981,23.4685040458066,16.2075471698113,21.7276485422518,"unsplash"
"336_neutral.jpg","neutral","neutral",53.7906976744186,25.8314667278338,13.6,21.4076087942048,"pexels"
"337_neutral.jpg","neutral","neutral",52.4901960784314,30.4364075074701,10.5081967213115,19.9521285003377,"pexels"
"338_neutral.jpg","neutral","neutral",45.8448275862069,27.1220773179328,21.8448275862069,26.6404268208642,"pexels"
"339_neutral.jpg","neutral","neutral",59.1730769230769,26.4617527570333,13.9038461538462,18.2898875042206,"pexels"
"340_neutral.jpg","neutral","neutral",71.55,27.4503858663321,4.25581395348837,12.1617922850051,"pexels"
"341_neutral.jpg","neutral","neutral",58.5094339622642,26.9334097940639,11.6792452830189,19.1329092091105,"pexels"
"342_neutral.jpg","neutral","neutral",57.1176470588235,22.6632324125843,13.1764705882353,25.4901595776511,"pexels"
"343_neutral.jpg","neutral","neutral",61.9583333333333,23.6291906861464,9.98387096774193,20.5094875570291,"pexels"
"344_spirits.jpg","spirits","branding",51.2272727272727,26.3137276370424,38.08,32.2577881752482,"unsplash"
"345_spirits.jpg","spirits","branding",34.1086956521739,25.0201947419986,25.2931034482759,28.2575924408028,"unsplash"
"346_spirits.jpg","spirits","branding",37.530612244898,28.3953502948519,28.9259259259259,32.2085491122922,"unsplash"
"347_spirits.jpg","spirits","branding",43.1739130434783,23.4286665318139,33.2931034482759,28.6595311115337,"unsplash"
"348_spirits.jpg","spirits","branding",48.7837837837838,25.1099085523525,40.8958333333333,30.6942641972393,"unsplash"
"349_spirits.jpg","spirits","branding",50.8367346938776,24.8975793157149,34.0175438596491,29.6265392777141,"unsplash"
"350_spirits.jpg","spirits","branding",50.3571428571429,24.8947260832406,39.3,31.8024835379829,"unsplash"
"351_spirits.jpg","spirits","branding",45.9787234042553,24.8442884361797,39.864406779661,29.4995368912326,"unsplash"
"352_spirits.jpg","spirits","branding",46.9565217391304,28.2590842988698,36.2352941176471,32.3849275035743,"unsplash"
"353_spirits.jpg","spirits","branding",51.9047619047619,26.8807751810131,38.8620689655172,30.0119556737574,"unsplash"
"354_spirits.jpg","spirits","branding",58.4634146341463,21.9135774817527,43.2888888888889,31.2421788192459,"pexels"
"355_spirits.jpg","spirits","branding",36.9565217391304,27.7992458105045,29.0350877192982,29.3658967124164,"pexels"
"356_spirits.jpg","spirits","branding",42,23.9831021594203,29.9777777777778,31.077972971872,"pexels"
"357_spirits.jpg","spirits","branding",38.9347826086956,26.4931036510033,31.8620689655172,30.5099628685578,"pexels"
"358_spirits.jpg","spirits","branding",37.8372093023256,25.2246385906038,30.375,28.9802757574652,"unsplash"
"359_spirits.jpg","spirits","branding",46.3191489361702,25.3386681498411,30.6034482758621,27.3193843237839,"unsplash"
"360_spirits.jpg","spirits","branding",30.0681818181818,28.6481443266666,25.2156862745098,32.1411348433687,"unsplash"
"361_spirits.jpg","spirits","branding",47.7708333333333,27.771284406535,34.2909090909091,29.2705595533406,"unsplash"
"362_spirits.jpg","spirits","branding",37.6511627906977,25.8253140126857,33.125,33.3642852750496,"unsplash"
"363_spirits.jpg","spirits","branding",55.1372549019608,22.8447102041966,41.0508474576271,27.7423016527752,"unsplash"
"364_spirits.jpg","spirits","closeup",68.375,21.7320481062788,60.9259259259259,26.5094158080667,"unsplash"
"365_spirits.jpg","spirits","closeup",53.6666666666667,23.7575832993939,42.6,32.9384088187363,"pexels"
"366_spirits.jpg","spirits","closeup",46.7,27.4555118000945,30.5762711864407,26.9060968541554,"unsplash"
"367_spirits.jpg","spirits","closeup",47.3720930232558,25.4717614473211,39.0408163265306,31.9504559068108,"unsplash"
"368_spirits.jpg","spirits","closeup",62.0851063829787,21.6482048530127,35.1228070175439,28.8654948334504,"burst"
"369_spirits.jpg","spirits","closeup",62.8863636363636,18.283574925346,52.6521739130435,27.7938581475231,"unsplash"
"370_spirits.jpg","spirits","closeup",71.0188679245283,15.7278422477682,51.8070175438597,30.467452538084,"burst"
"371_spirits.jpg","spirits","closeup",71.6734693877551,20.8050352029483,58.7708333333333,27.7137645986061,"burst"
"372_spirits.jpg","spirits","closeup",80.1016949152542,13.8647343698571,62.6666666666667,23.8068973531185,"burst"
"373_spirits.jpg","spirits","closeup",52.6590909090909,21.7169349649211,41.8163265306122,29.1087568936077,"burst"
"374_spirits.jpg","spirits","closeup",72.0754716981132,15.5140743254977,62.2413793103448,22.5063814302004,"burst"
"375_spirits.jpg","spirits","closeup",55.4390243902439,23.1592840784077,45.4285714285714,29.273138995787,"burst"
"376_spirits.jpg","spirits","closeup",69.4468085106383,20.4086602574989,59.6551724137931,24.997229126542,"burst"
"377_spirits.jpg","spirits","cocktail_preparation",48.325,22.7476541478626,37.4583333333333,27.9413963717935,"unsplash"
"378_spirits.jpg","spirits","cocktail_preparation",70.0754716981132,17.7372370762795,55.7454545454545,28.207050722075,"pexels"
"379_spirits.jpg","spirits","cocktail_preparation",65.4468085106383,19.4989503738003,53.2745098039216,26.5096800670039,"unsplash"
"380_spirits.jpg","spirits","cocktail_preparation",73.6111111111111,18.4098175886617,56.6949152542373,29.4754452087041,"unsplash"
"381_spirits.jpg","spirits","cocktail_preparation",73.6326530612245,17.4340350530591,58.2745098039216,25.1197758201562,"unsplash"
"382_spirits.jpg","spirits","cocktail_preparation",65.7021276595745,21.0949354045581,38.8135593220339,27.828585264121,"unsplash"
"383_spirits.jpg","spirits","cocktail_preparation",64.5555555555556,16.9095932368092,49.6862745098039,29.3635762100453,"unsplash"
"384_spirits.jpg","spirits","cocktail_preparation",63.875,24.0616451215923,47.7222222222222,27.8651853297106,"unsplash"
"385_spirits.jpg","spirits","cocktail_preparation",65.304347826087,17.9578142263317,52.48,25.8608837072991,"unsplash"
"386_spirits.jpg","spirits","cocktail_preparation",45.9565217391304,22.748828074078,35.3333333333333,25.3762645450407,"pexels"
"387_spirits.jpg","spirits","cocktail_preparation",57.7674418604651,21.3673507163018,46,27.0230438322404,"pexels"
"388_spirits.jpg","spirits","cocktail_preparation",72.3859649122807,21.0499019220356,44.9655172413793,29.9929614651015,"pexels"
"389_spirits.jpg","spirits","cocktail_preparation",62.1395348837209,20.3137080099092,47.936170212766,30.7340656879224,"pexels"
"390_spirits.jpg","spirits","cocktail_preparation",63,22.8732416851041,52.8275862068965,25.3454296589681,"pexels"
"391_spirits.jpg","spirits","cocktail_preparation",56.047619047619,21.1521230912164,51.2,28.4325194674216,"pexels"
"392_spirits.jpg","spirits","food_setting",66.375,21.9463804993278,32.6862745098039,30.2473074478231,"unsplash"
"393_spirits.jpg","spirits","food_setting",74.0178571428571,20.2336273397697,52.3666666666667,28.1695632515897,"unsplash"
"394_spirits.jpg","spirits","food_setting",74.4583333333333,14.1013932212438,53.4897959183673,28.0736549462448,"unsplash"
"395_spirits.jpg","spirits","food_setting",76.1296296296296,15.9528152082253,51.1666666666667,30.8875306235801,"unsplash"
"396_spirits.jpg","spirits","food_setting",77.6666666666667,19.9966663888426,46.92,27.4418420277785,"unsplash"
"397_spirits.jpg","spirits","food_setting",77.9636363636364,19.446949333606,42.2203389830508,28.9029695387684,"unsplash"
"398_spirits.jpg","spirits","food_setting",80.94,15.1622651907387,52.9433962264151,25.9640395505455,"unsplash"
"399_spirits.jpg","spirits","food_setting",80.2241379310345,17.5339701406419,53.0508474576271,27.7485157905748,"unsplash"
"400_spirits.jpg","spirits","food_setting",75.4897959183673,16.6809802481993,60.5686274509804,24.0484967529871,"unsplash"
"401_spirits.jpg","spirits","food_setting",77.4912280701754,20.1761199078599,43.9672131147541,32.2536650181623,"unsplash"
"402_spirits.jpg","spirits","food_setting",74.7916666666667,22.5991511169264,40.7843137254902,27.6349877694854,"pexels"
"403_spirits.jpg","spirits","food_setting",80.6363636363636,20.9561832441315,30.655737704918,29.117512053689,"pexels"
"404_spirits.jpg","spirits","food_setting",68.304347826087,20.0630889005627,47.235294117647,30.5918866598934,"pexels"
"405_spirits.jpg","spirits","food_setting",72.6296296296296,18.244974801863,55.4262295081967,27.5834848030444,"pexels"
"406_spirits.jpg","spirits","food_setting",76.76,19.703475296899,58.7142857142857,27.3731924821835,"pexels"
"407_spirits.jpg","spirits","food_setting",73.6111111111111,16.7595837597102,48.1090909090909,26.6699114187538,"pexels"
"408_spirits.jpg","spirits","food_setting",73.7551020408163,17.1434275698746,57.0204081632653,23.4302953779204,"pexels"
"409_spirits.jpg","spirits","food_setting",75.4528301886792,19.1015162887217,52.1228070175439,26.5498656005736,"pexels"
"410_spirits.jpg","spirits","food_setting",74.2083333333333,21.9078906734278,49.2666666666667,24.4199992554538,"pexels"
"411_spirits.jpg","spirits","food_setting",74.6607142857143,18.3810938300638,57.6724137931035,27.2971870095215,"pexels"
"412_spirits.jpg","spirits","food_setting",80.4615384615385,12.6823353117348,52.0625,28.0595159646458,"pexels"
"413_spirits.jpg","spirits","holiday_food",78.3333333333333,14.9869919956612,51,28.5399826952452,"unsplash"
"414_spirits.jpg","spirits","holiday_food",84.6896551724138,14.1894535786782,41.0666666666667,35.2150134905731,"unsplash"
"415_spirits.jpg","spirits","holiday_setting",70.8823529411765,18.2303560676401,50.2033898305085,27.160302967317,"unsplash"
"416_spirits.jpg","spirits","holiday_setting",77.4489795918367,15.3596620303663,61.18,27.0182780157947,"unsplash"
"417_spirits.jpg","spirits","holiday_setting",83.6111111111111,14.267546848767,53.0535714285714,29.2726491287172,"unsplash"
"418_spirits.jpg","spirits","holiday_setting",79.4117647058823,17.0893843898348,62.24,28.4530117483373,"unsplash"
"419_spirits.jpg","spirits","holiday_setting",78.5185185185185,16.9913859871348,64.8983050847458,25.7700005454446,"unsplash"
"420_spirits.jpg","spirits","holiday_setting",79.377358490566,18.0706161989933,60.56,25.1535366929437,"unsplash"
"421_spirits.jpg","spirits","holiday_setting",80.2903225806452,15.026083438501,65.95,22.9224373833417,"pexels"
"422_spirits.jpg","spirits","holiday_setting",75.6923076923077,22.8074106133042,58.6538461538462,29.3564200249579,"unsplash"
"423_spirits.jpg","spirits","holiday_setting",85,14.1664976325277,62.0634920634921,26.4617027076765,"unsplash"
"424_spirits.jpg","spirits","holiday_setting",79.3653846153846,16.3455682620689,61.5833333333333,27.9115878729364,"pexels"
"425_spirits.jpg","spirits","holiday_setting",83.6206896551724,13.5915706413382,60.7213114754098,27.3088088032299,"pexels"
"426_spirits.jpg","spirits","holiday_setting",77.9019607843137,15.5695278052493,60.9803921568627,27.7268751907448,"pexels"
"427_spirits.jpg","spirits","holiday_setting",85.5964912280702,13.3079724348157,58.7118644067797,30.2438656347535,"pexels"
"428_spirits.jpg","spirits","holiday_setting",77.6,16.7453922995344,67.6938775510204,23.3141624354817,"pexels"
"429_spirits.jpg","spirits","holiday_setting",81.2881355932203,17.8528958797065,57.1147540983606,33.4325681338102,"pexels"
"430_spirits.jpg","spirits","holiday_setting",83.5384615384615,15.608521476577,60.1346153846154,28.8885816687071,"pexels"
"431_spirits.jpg","spirits","holiday_setting",86.0508474576271,13.1979932236496,62.2456140350877,25.555458392173,"pexels"
"432_spirits.jpg","spirits","holiday_setting",83.0943396226415,17.8220521901114,65.9444444444444,26.4157019247284,"pexels"
"433_spirits.jpg","spirits","holiday_setting",77.2372881355932,20.725911637577,58.728813559322,28.848492764354,"pexels"
"434_spirits.jpg","spirits","holiday_setting",71.2553191489362,22.8582285489477,59.3269230769231,25.242138091789,"unsplash"
"435_spirits.jpg","spirits","people_drinking",54.7727272727273,23.9804800816653,42.7551020408163,28.9270134795063,"freepik"
"436_spirits.jpg","spirits","people_drinking",29.9433962264151,20.4219104567954,25.7413793103448,24.0427691612534,"unsplash"
"437_spirits.jpg","spirits","people_drinking",63.3829787234043,25.968671084421,47.5490196078431,28.8286758110671,"unsplash"
"438_spirits.jpg","spirits","people_drinking",36.8076923076923,23.3549242920585,31.7931034482759,25.3209286023905,"pexels"
"439_spirits.jpg","spirits","people_drinking",40.175,24.8615525434715,31.7291666666667,28.2675210838685,"pexels"
"440_spirits.jpg","spirits","people_drinking",34.7962962962963,25.2253089661723,29.5333333333333,27.3467791098626,"pexels"
"441_spirits.jpg","spirits","people_drinking",49.9767441860465,22.4843738035499,37.3877551020408,29.1881941934082,"pexels"
"442_spirits.jpg","spirits","people_drinking",51.44,26.6306253039923,41.3620689655172,31.3103863020105,"freepik"
"443_spirits.jpg","spirits","people_drinking",55.3953488372093,33.4693459856739,38.96,36.5384672891014,"unsplash"
"444_spirits.jpg","spirits","people_drinking",52.8076923076923,28.232951448818,37.65,31.9113310729505,"unsplash"
"445_spirits.jpg","spirits","people_drinking",63,21.5817684000345,44.5490196078431,28.2498238759042,"unsplash"
"446_spirits.jpg","spirits","people_drinking",21.2631578947368,20.5552620268505,17.1935483870968,20.5017701832101,"unsplash"
"447_spirits.jpg","spirits","people_drinking",43.1395348837209,22.8677162698325,33.5833333333333,27.9336854020705,"unsplash"
"448_spirits.jpg","spirits","people_drinking",69.8627450980392,19.5816440656479,51.3389830508475,26.3991968069377,"unsplash"
"449_spirits.jpg","spirits","people_drinking",65.8695652173913,22.2517002552885,55.96,27.9861190082308,"unsplash"
"450_spirits.jpg","spirits","people_drinking",43.9615384615385,27.0221126142229,15.3833333333333,21.6114311141641,"unsplash"
"451_spirits.jpg","spirits","people_drinking",67.7,22.4828733002865,52.2448979591837,27.560940516914,"unsplash"
"452_spirits.jpg","spirits","people_drinking",41.3673469387755,22.5552043860826,34.6885245901639,26.2986317664415,"unsplash"
"453_spirits.jpg","spirits","people_drinking",59.063829787234,21.7069456479188,43.9464285714286,26.4921392408851,"freepik"
"454_spirits.jpg","spirits","pouring",65.6938775510204,20.2023143080529,57.0576923076923,25.2822602780332,"unsplash"
"455_spirits.jpg","spirits","pouring",58.1063829787234,24.2085450621067,43.6101694915254,28.4004716747819,"unsplash"
"456_spirits.jpg","spirits","pouring",50.9777777777778,22.783056791565,43.4285714285714,29.8705540624877,"unsplash"
"457_spirits.jpg","spirits","pouring",51.8936170212766,25.3104498461674,43,27.9636463509568,"freepik"
"458_spirits.jpg","spirits","pouring",42.2553191489362,26.8056354272157,35.9375,31.2719072148001,"freepik"
"459_spirits.jpg","spirits","pouring",70,22.3469151200924,52.5892857142857,26.4257290503811,"unsplash"
"460_spirits.jpg","spirits","pouring",55.6976744186046,26.8315156589809,46.4,33.9837896530636,"unsplash"
"461_spirits.jpg","spirits","pouring",69.7391304347826,16.6205158131064,59.25,23.5828743113369,"unsplash"
"462_spirits.jpg","spirits","pouring",48.9795918367347,24.6377841569258,39.9137931034483,27.7408334680179,"unsplash"
"463_spirits.jpg","spirits","pouring",54.4888888888889,24.049780023774,40.4615384615385,29.3734984854205,"unsplash"
"464_spirits.jpg","spirits","pouring",70.6470588235294,18.0630269106944,55.8,25.7522748707168,"unsplash"
"465_spirits.jpg","spirits","pouring",64.7659574468085,17.8230587893,54.469387755102,27.8366530261934,"unsplash"
"466_spirits.jpg","spirits","pouring",58.1363636363636,18.4133304960758,41.7678571428571,29.5530284997408,"unsplash"
"467_spirits.jpg","spirits","pouring",73.9183673469388,16.5628056383043,63.4313725490196,19.9080435020228,"unsplash"
"468_spirits.jpg","spirits","pouring",58.1272727272727,24.832068980084,47.3448275862069,31.6962290768011,"unsplash"
"469_spirits.jpg","spirits","pouring",75.2916666666667,11.7309525711662,61.5714285714286,21.6862091354544,"unsplash"
"470_spirits.jpg","spirits","pouring",62.0612244897959,21.6288851647372,49.2142857142857,27.9575745376092,"unsplash"
"471_spirits.jpg","spirits","pouring",44.3333333333333,23.7419842932687,39.84,32.1992267621698,"pexels"
"472_spirits.jpg","spirits","pouring",56.3095238095238,26.0735246480523,41.8305084745763,29.7693156897089,"pexels"
"473_spirits.jpg","spirits","pouring",55.6190476190476,19.501034845527,45.66,29.8667858658943,"pexels"
"474_spirits.jpg","spirits","pouring",67.0754716981132,18.0808537245296,53.2857142857143,25.7524680446285,"pexels"
"475_spirits.jpg","spirits","pouring",57.8666666666667,23.4051276433178,45.9,28.1607992117571,"pexels"
"476_spirits.jpg","spirits","pouring",63.078431372549,22.8471820032624,49.2586206896552,27.7372131721151,"freepik"
"477_spirits.jpg","spirits","pouring",50.1666666666667,27.5883650508482,35.4230769230769,31.5136734430678,"unsplash"
"478_spirits.jpg","spirits","smoking_context",63.9,23.1095439247113,53.3214285714286,27.2624331221602,"unsplash"
"479_spirits.jpg","spirits","smoking_context",62.5227272727273,21.6832253633183,54.7708333333333,25.0388970453618,"freepik"
"480_spirits.jpg","spirits","smoking_context",65.5740740740741,19.499977602166,53.05,25.0595392709957,"unsplash"
"481_spirits.jpg","spirits","smoking_context",56.5,25.2813950598105,37.5882352941176,31.5621142958378,"unsplash"
"482_spirits.jpg","spirits","smoking_context",36.9230769230769,27.6780129017609,28.3225806451613,27.7032129246022,"pexels"
"483_spirits.jpg","spirits","smoking_context",36.46,30.3860937581248,33.0192307692308,34.3508371816897,"pexels"
"484_spirits.jpg","spirits","smoking_context",45.6595744680851,26.0453422321324,32.6779661016949,28.5327643958274,"pexels"
"485_spirits.jpg","spirits","smoking_context",75.2040816326531,16.9864892289882,48.921568627451,30.3972650988571,"pexels"
"486_spirits.jpg","spirits","smoking_context",51.0714285714286,28.1488621716481,41.0322580645161,31.6129086219359,"pexels"
"487_spirits.jpg","spirits","social_food",72.32,22.3492135642124,38.7551020408163,28.2898175234519,"unsplash"
"488_spirits.jpg","spirits","social_food",77.4107142857143,17.4707826600083,59.4310344827586,28.1032632612054,"unsplash"
"489_spirits.jpg","spirits","social_food",75.6666666666667,21.3697605664328,59.6,28.7181944745409,"unsplash"
"490_spirits.jpg","spirits","social_food",82,15.2522008126575,59.3166666666667,25.7046402634514,"unsplash"
"491_spirits.jpg","spirits","social_food",76.5849056603774,17.0592113198798,62.3076923076923,24.4961289150967,"unsplash"
"492_spirits.jpg","spirits","social_food",73.9814814814815,19.4979348115318,51.0169491525424,27.9040792503124,"pexels"
"493_spirits.jpg","spirits","social_food",80.6530612244898,17.8763706006096,53.6122448979592,26.9782445735839,"pexels"
"494_spirits.jpg","spirits","social_food",83.3571428571429,17.3304026826516,50.85,29.7479952322671,"pexels"
"495_spirits.jpg","spirits","social_food",74.9574468085106,20.2280019503835,54.1346153846154,28.0573843666196,"pexels"
"496_spirits.jpg","spirits","social_food",65.38,22.8409674908566,48.2413793103448,24.5594947836685,"pexels"
"497_spirits.jpg","spirits","social_setting",49.9803921568627,25.3830574959585,32.4642857142857,26.9355893573164,"freepik"
"498_spirits.jpg","spirits","social_setting",72.734693877551,15.6880733762468,65.5098039215686,22.6736609739315,"unsplash"
"499_spirits.jpg","spirits","social_setting",53,21.1338948003903,45.406779661017,28.9459178493319,"freepik"
"500_spirits.jpg","spirits","social_setting",60.5909090909091,23.4077289778082,44.9583333333333,33.6179779242642,"freepik"
"501_spirits.jpg","spirits","social_setting",72.8333333333333,20.2594026621323,48.7666666666667,30.3551669109575,"unsplash"
"502_spirits.jpg","spirits","social_setting",61.2954545454545,21.9593488545122,42.4897959183673,26.7224331858862,"unsplash"
"503_spirits.jpg","spirits","social_setting",42.5789473684211,32.1341759371218,40.8983050847458,32.9281846129622,"unsplash"
"504_spirits.jpg","spirits","social_setting",73.42,16.7430643575671,61.3653846153846,25.9532225103685,"unsplash"
"505_spirits.jpg","spirits","social_setting",80.0333333333333,20.0971932155026,66.9473684210526,25.5562552118093,"unsplash"
"506_spirits.jpg","spirits","social_setting",66.6530612244898,23.6648042287206,56.06,27.7447623297568,"unsplash"
"507_spirits.jpg","spirits","social_setting",57.2641509433962,27.7579863375433,37.448275862069,33.305693319634,"unsplash"
"508_spirits.jpg","spirits","social_setting",68.125,24.2369728114678,58.7234042553192,25.0535965722008,"unsplash"
"509_spirits.jpg","spirits","social_setting",76.2758620689655,23.1598511520292,45.9666666666667,27.5803704862388,"unsplash"
"510_spirits.jpg","spirits","social_setting",67.4897959183673,21.6584495145463,61.7692307692308,24.3653686931584,"unsplash"
"511_spirits.jpg","spirits","social_setting",74.5964912280702,22.8511172352085,58.140350877193,26.1564240924339,"unsplash"
"512_spirits.jpg","spirits","social_setting",78.8,18.6689745900759,65.24,26.3373406061448,"unsplash"
"513_spirits.jpg","spirits","social_setting",79,19.6914800349012,61.4666666666667,25.8918655288678,"unsplash"
"514_spirits.jpg","spirits","social_setting",76.9019607843137,16.5097000602201,59.7115384615385,27.6322747769964,"unsplash"
"515_spirits.jpg","spirits","social_setting",69.8510638297872,17.4940719442756,48.2203389830508,26.8469916099327,"unsplash"
"516_spirits.jpg","spirits","social_setting",70.2127659574468,20.4895903265141,52.0769230769231,27.7247296377109,"unsplash"
"517_spirits.jpg","spirits","social_setting",48.375,29.6200226988578,38.12,33.9234672852446,"unsplash"
"518_spirits.jpg","spirits","social_setting",79.864406779661,18.504852697304,63.3166666666667,24.0426821501211,"unsplash"
"519_spirits.jpg","spirits","social_setting",77.6041666666667,15.4296475923041,55.8235294117647,26.6215746208619,"unsplash"
"520_spirits.jpg","spirits","social_setting",70.5,20.0072714054393,50.9661016949153,28.0412049655594,"unsplash"
"521_spirits.jpg","spirits","social_setting",73.74,14.3964423042781,64.3529411764706,22.2565258110171,"unsplash"
"522_spirits.jpg","spirits","social_setting",75.2413793103448,22.3224459019746,56.6271186440678,28.4416512840155,"unsplash"
"523_spirits.jpg","spirits","social_setting",62.8,28.4045124325452,42.1063829787234,32.3232545462061,"unsplash"
"524_spirits.jpg","spirits","social_setting",67.7735849056604,19.8141766550289,44.719298245614,29.4337964069761,"unsplash"
"525_spirits.jpg","spirits","social_setting",76,14.262249636922,59.3269230769231,24.7392053337003,"unsplash"
"526_spirits.jpg","spirits","social_setting",80.6785714285714,18.9257949446176,66.9491525423729,23.1914250865551,"unsplash"
"527_spirits.jpg","spirits","social_setting",65.3404255319149,21.2493238723583,47.8461538461538,29.460764613019,"unsplash"
"528_spirits.jpg","spirits","social_setting",81.0169491525424,17.0713427197743,67.4406779661017,25.1939177022473,"unsplash"
"529_spirits.jpg","spirits","social_setting",71.4081632653061,21.6120321111364,61.06,27.5343273691853,"unsplash"
"530_spirits.jpg","spirits","social_setting",76.2264150943396,14.9879971328778,53.75,26.2887808770205,"unsplash"
"531_spirits.jpg","spirits","social_setting",72.3846153846154,19.394919332846,60.1,21.9100666454523,"unsplash"
"532_spirits.jpg","spirits","social_setting",81.9508196721311,15.7611613674333,57.6785714285714,27.9961732078817,"unsplash"
"533_spirits.jpg","spirits","social_setting",71.98,18.547776147021,60.7058823529412,25.6712244489016,"unsplash"
"534_spirits.jpg","spirits","social_setting",73.0172413793103,22.3257316567876,49.5357142857143,31.0629649616355,"unsplash"
"535_spirits.jpg","spirits","social_setting",59.9591836734694,30.4589609034801,45.72,32.7439291771648,"pexels"
"536_spirits.jpg","spirits","social_setting",72.55,26.8141279482872,54.5714285714286,30.0433634374706,"pexels"
"537_spirits.jpg","spirits","social_setting",55.62,28.485506518801,58.8867924528302,28.5856744497057,"pexels"
"538_spirits.jpg","spirits","social_setting",83.5,16.4852406077296,64.1016949152542,26.2564901108241,"pexels"
"539_wine.jpg","wine","branding",54.5660377358491,19.4773136612852,43.6603773584906,27.7917692548783,"unsplash"
"540_wine.jpg","wine","branding",62.4347826086956,18.3546528333393,37.3783783783784,29.8266764932104,"pexels"
"541_wine.jpg","wine","branding",60.2075471698113,16.6979483891401,48.3207547169811,24.8090969550917,"unsplash"
"542_wine.jpg","wine","branding",60.2,14.0967103034471,44.6923076923077,28.7833594525816,"unsplash"
"543_wine.jpg","wine","branding",66.6981132075472,21.2626296456594,53.4905660377358,29.1479136616549,"unsplash"
"544_wine.jpg","wine","branding",64.3666666666667,18.4512093488959,46.6486486486486,30.4003072135575,"unsplash"
"545_wine.jpg","wine","branding",58.5471698113208,18.2657371955674,45.1698113207547,25.7814302947032,"pexels"
"546_wine.jpg","wine","branding",56.8636363636364,13.2460073213293,36.6857142857143,28.2538611922142,"pexels"
"547_wine.jpg","wine","branding",52.3396226415094,21.1459610584535,45.5094339622642,27.6479395820914,"pexels"
"548_wine.jpg","wine","branding",56.1428571428571,20.7901075376866,38.6666666666667,33.1179709523395,"pexels"
"549_wine.jpg","wine","branding",51.9433962264151,19.7303116026113,40.188679245283,27.0818251598981,"pexels"
"550_wine.jpg","wine","branding",52.4545454545455,19.0756071431236,38,29.4552391114231,"pexels"
"551_wine.jpg","wine","branding",60.7735849056604,19.5651195807488,52.2264150943396,27.9942586898388,"pexels"
"552_wine.jpg","wine","branding",68,20.4604147423402,52.609756097561,30.1511840967983,"pexels"
"553_wine.jpg","wine","branding",67.2075471698113,17.7215193941478,50.9245283018868,27.7827070291823,"pexels"
"554_wine.jpg","wine","branding",58.2727272727273,22.8726949256132,42.2941176470588,30.0651105675713,"pexels"
"555_wine.jpg","wine","branding",62.4259259259259,21.5613226848201,49.5185185185185,30.1028054486124,"pexels"
"556_wine.jpg","wine","branding",59.625,17.8905184993033,37.1351351351351,28.8493810468576,"pexels"
"557_wine.jpg","wine","branding",69.188679245283,22.4157024322182,56.377358490566,27.5033049867818,"pexels"
"558_wine.jpg","wine","branding",61.0416666666667,14.8220727491033,38.0810810810811,28.3091841971808,"pexels"
"559_wine.jpg","wine","closeup",49.377358490566,22.6242096462841,38.8679245283019,28.3786469942625,"unsplash"
"560_wine.jpg","wine","closeup",50.6,26.7727276788978,31.3076923076923,28.5040660498905,"pexels"
"561_wine.jpg","wine","closeup",54.0909090909091,19.9306155757778,37.025641025641,28.5983871274028,"unsplash"
"562_wine.jpg","wine","closeup",55.2142857142857,19.0814184247537,37.1463414634146,27.8033819665969,"pixabay"
"563_wine.jpg","wine","closeup",55.4528301886792,16.6381929003675,41.0377358490566,26.0767817918774,"unsplash"
"564_wine.jpg","wine","closeup",67.65625,21.2278109958945,51.3684210526316,28.533925803574,"unsplash"
"565_wine.jpg","wine","closeup",56.3396226415094,19.855190559714,47.7547169811321,25.6146785294752,"pexels"
"566_wine.jpg","wine","closeup",59.1785714285714,22.2528459626888,43.0789473684211,31.1408149478908,"pexels"
"567_wine.jpg","wine","closeup",51.6037735849057,19.9637552566583,42.8867924528302,24.173778210601,"pexels"
"568_wine.jpg","wine","closeup",52,20.6842935581566,34.8,28.5020916911238,"pexels"
"569_wine.jpg","wine","closeup",60.6037735849057,17.7951372167549,51.7735849056604,23.6965118411923,"pexels"
"570_wine.jpg","wine","closeup",65.9354838709677,16.2807360273238,49.5,28.8788241880878,"pexels"
"571_wine.jpg","wine","closeup",57.7358490566038,18.4434175702088,50.5849056603774,22.3033577691654,"burst"
"572_wine.jpg","wine","food_setting",64.7547169811321,23.097540378858,52.9811320754717,26.9040249820026,"unsplash"
"573_wine.jpg","wine","food_setting",69.7222222222222,16.2702377032616,51.1282051282051,30.7418619844766,"unsplash"
"574_wine.jpg","wine","food_setting",77.188679245283,15.5341517108565,59.1698113207547,23.2169830487682,"unsplash"
"575_wine.jpg","wine","food_setting",77.4857142857143,15.4565261841292,51.4473684210526,31.2554404936995,"unsplash"
"576_wine.jpg","wine","food_setting",77.5283018867924,19.8809957318975,57,26.7229374249049,"unsplash"
"577_wine.jpg","wine","food_setting",78.7714285714286,15.3164381404726,58.2439024390244,28.3547002168996,"unsplash"
"578_wine.jpg","wine","food_setting",76.5094339622642,18.2784263772155,63.6415094339623,23.2346676820044,"unsplash"
"579_wine.jpg","wine","food_setting",71.2972972972973,15.6486862509727,51.9,26.7618174232407,"unsplash"
"580_wine.jpg","wine","food_setting",62.1509433962264,18.9172247785889,45.6792452830189,26.0286628878078,"unsplash"
"581_wine.jpg","wine","food_setting",77.7073170731707,15.6592526999838,57.7380952380952,29.186581885124,"unsplash"
"582_wine.jpg","wine","food_setting",67.1320754716981,21.0512540608073,54.5094339622642,27.6026912299322,"pexels"
"583_wine.jpg","wine","food_setting",68.8157894736842,22.3641306235918,42.1707317073171,26.9711905920228,"pexels"
"584_wine.jpg","wine","food_setting",72.6037735849057,18.621058821669,52.7358490566038,25.8242215932999,"pexels"
"585_wine.jpg","wine","food_setting",74.5714285714286,14.1647843253111,59.390243902439,27.8611540040793,"unsplash"
"586_wine.jpg","wine","food_setting",73.5757575757576,15.6205599752184,51.8974358974359,31.3904065732081,"unsplash"
"587_wine.jpg","wine","food_setting",51.1698113207547,23.2649752013098,39.5283018867925,25.8617654921053,"pexels"
"588_wine.jpg","wine","food_setting",74.4615384615385,20.8218037478077,55.7884615384615,27.4107010293436,"burst"
"589_wine.jpg","wine","holiday_food",76.2830188679245,16.4648545959271,61.7358490566038,24.1725773930488,"unsplash"
"590_wine.jpg","wine","holiday_food",81.7142857142857,17.1254848096384,62.9268292682927,23.4354328356683,"pexels"
"591_wine.jpg","wine","holiday_setting",79.3181818181818,19.0260197933114,62.2619047619048,27.1473481827703,"unsplash"
"592_wine.jpg","wine","holiday_setting",68.9245283018868,22.4592357707879,55.1132075471698,24.5612737527992,"unsplash"
"593_wine.jpg","wine","holiday_setting",72.5483870967742,13.9423544393272,51.975,31.8864069584196,"unsplash"
"594_wine.jpg","wine","holiday_setting",62.6603773584906,18.701031847536,51.7358490566038,23.4972592046524,"unsplash"
"595_wine.jpg","wine","holiday_setting",74.675,20.313425521321,55.3720930232558,30.7168507002837,"unsplash"
"596_wine.jpg","wine","holiday_setting",76.9245283018868,20.895204691511,60.2452830188679,27.4890927043222,"unsplash"
"597_wine.jpg","wine","holiday_setting",70.969696969697,14.7446703262672,44.1351351351351,27.9832908101346,"pexels"
"598_wine.jpg","wine","holiday_setting",61.9811320754717,22.2593891736963,47.4716981132075,26.8332484440658,"pexels"
"599_wine.jpg","wine","holiday_setting",79.5853658536585,19.3532627866157,62.6190476190476,27.5689400885749,"pexels"
"600_wine.jpg","wine","holiday_setting",77.8867924528302,18.5779650054724,63.0943396226415,24.3328395944368,"pexels"
"601_wine.jpg","wine","holiday_setting",72.6315789473684,17.1234327396961,50.6969696969697,27.6207404504351,"pexels"
"602_wine.jpg","wine","holiday_setting",68.9433962264151,21.88467596493,51.6792452830189,26.5473260893893,"pexels"
"603_wine.jpg","wine","holiday_setting",78.953488372093,14.1723296609174,58.4186046511628,25.502784682816,"pexels"
"604_wine.jpg","wine","holiday_setting",75.5283018867924,17.9525054750079,59.0943396226415,25.1558711230472,"pexels"
"605_wine.jpg","wine","holiday_setting",80.2142857142857,12.8775389905432,60.4871794871795,26.697005346423,"pexels"
"606_wine.jpg","wine","holiday_setting",24.2075471698113,25.3266038983076,22.7547169811321,24.4696874177462,"pexels"
"607_wine.jpg","wine","holiday_setting",70.8857142857143,18.9748617426125,42.7105263157895,30.9244134246949,"pexels"
"608_wine.jpg","wine","holiday_setting",80.8867924528302,16.8096359469096,55.0188679245283,27.9879717062923,"pexels"
"609_wine.jpg","wine","holiday_setting",75.9302325581395,18.2279159909519,58.4418604651163,24.8081230222044,"pexels"
"610_wine.jpg","wine","holiday_setting",70.377358490566,20.0913552162791,55.8490566037736,25.3220762807834,"pexels"
"611_wine.jpg","wine","opening_drink",64.7647058823529,19.4126775564545,48.3888888888889,30.0640057950441,"unsplash"
"612_wine.jpg","wine","opening_drink",68.2075471698113,20.9223458849495,58.2641509433962,25.4529361638573,"unsplash"
"613_wine.jpg","wine","opening_drink",74.025,16.8788860672674,55.8292682926829,27.6024477528936,"unsplash"
"614_wine.jpg","wine","opening_drink",77.7358490566038,19.5439848540869,51.6415094339623,28.4436651995745,"pexels"
"615_wine.jpg","wine","opening_drink",62.6060606060606,24.7423465362769,43.7674418604651,29.1472756296955,"pexels"
"616_wine.jpg","wine","opening_drink",72.2452830188679,17.8356877122347,60.9245283018868,25.6806190440332,"pexels"
"617_wine.jpg","wine","opening_drink",74.5526315789474,12.7760277386798,56.0526315789474,28.1424440134432,"pexels"
"618_wine.jpg","wine","opening_drink",60.8867924528302,16.4978557783434,41.9245283018868,27.0361930187351,"pexels"
"619_wine.jpg","wine","opening_drink",59.48,15.7721273137139,41.1891891891892,29.8234041557203,"pexels"
"620_wine.jpg","wine","opening_drink",72.566037735849,20.3134186741011,48.4528301886792,26.8468348211277,"pexels"
"621_wine.jpg","wine","opening_drink",80,20.745095187995,58.5384615384615,27.8244933314121,"pexels"
"622_wine.jpg","wine","opening_drink",61.1698113207547,20.0707746286606,52.3207547169811,24.4522875954422,"pexels"
"623_wine.jpg","wine","opening_drink",61.1388888888889,25.2803173327481,43.2,28.7537734424456,"pexels"
"624_wine.jpg","wine","opening_drink",58.7358490566038,21.2839330368059,47.0754716981132,29.0409850017071,"pexels"
"625_wine.jpg","wine","opening_drink",74.6944444444444,14.3821703993808,51.4,30.8568240385103,"pexels"
"626_wine.jpg","wine","people_drinking",65.9245283018868,16.3986972472766,52.2075471698113,29.4222302732567,"unsplash"
"627_wine.jpg","wine","people_drinking",69.2702702702703,17.8164228992501,44.525,29.7648799245533,"unsplash"
"628_wine.jpg","wine","people_drinking",64.5555555555556,21.4156235215697,53.037037037037,26.0586877288467,"unsplash"
"629_wine.jpg","wine","people_drinking",53.5277777777778,23.2126641680307,33.2439024390244,27.0321849725516,"unsplash"
"630_wine.jpg","wine","people_drinking",48.8867924528302,25.8044870705722,39.8679245283019,24.8085265552057,"pexels"
"631_wine.jpg","wine","people_drinking",37.75,22.4196094722653,19.3421052631579,25.3422799330454,"pexels"
"632_wine.jpg","wine","people_drinking",53,19.2523724811735,39.6603773584906,26.2128443238648,"pexels"
"633_wine.jpg","wine","people_drinking",17.6428571428571,18.1226464289532,14.047619047619,20.409171038665,"pexels"
"634_wine.jpg","wine","people_drinking",54.8867924528302,21.7473786018511,45.5471698113208,26.285829787268,"pexels"
"635_wine.jpg","wine","people_drinking",56.0357142857143,24.2708209857588,35.2631578947368,28.0373151069575,"pexels"
"636_wine.jpg","wine","people_drinking",42.0188679245283,24.6595983544228,34.3396226415094,25.5530695102041,"pexels"
"637_wine.jpg","wine","people_drinking",62.1875,15.53443106094,39.054054054054,29.5521628705976,"pexels"
"638_wine.jpg","wine","people_drinking",53.4150943396226,20.1450833496416,41.5849056603774,26.6223113212787,"pexels"
"639_wine.jpg","wine","people_drinking",51.0333333333333,21.7056854673884,32.275,27.2923277469357,"pexels"
"640_wine.jpg","wine","people_drinking",62.4905660377358,17.0999579863513,50.7169811320755,27.3273442646249,"pexels"
"641_wine.jpg","wine","people_drinking",47.047619047619,25.6932679623096,37.093023255814,31.8985101559009,"pexels"
"642_wine.jpg","wine","pouring",59.6603773584906,18.7380150375425,50.5849056603774,25.0617959039897,"unsplash"
"643_wine.jpg","wine","pouring",53.9310344827586,21.3473501776195,41.1052631578947,30.5169775288518,"unsplash"
"644_wine.jpg","wine","pouring",49.4230769230769,21.4360390636672,35.5384615384615,26.6417492937282,"unsplash"
"645_wine.jpg","wine","pouring",68.3243243243243,17.7827226606396,53.2380952380952,29.807356698583,"unsplash"
"646_wine.jpg","wine","pouring",40.188679245283,22.8313689435707,27.1509433962264,24.9810668510367,"unsplash"
"647_wine.jpg","wine","pouring",70.8333333333333,12.5288173571098,56.5135135135135,25.4073716573465,"unsplash"
"648_wine.jpg","wine","pouring",56.3396226415094,18.1032757301698,48.3207547169811,26.409332255638,"unsplash"
"649_wine.jpg","wine","pouring",61.7931034482759,17.0385682462399,46.5405405405405,28.370166837126,"unsplash"
"650_wine.jpg","wine","pouring",59.7735849056604,20.0121516059945,48.377358490566,23.8498721292285,"unsplash"
"651_wine.jpg","wine","pouring",67.0294117647059,18.2333116626944,49.8780487804878,30.9072767499429,"unsplash"
"652_wine.jpg","wine","pouring",66.9056603773585,17.1612983090345,56.7169811320755,24.9193910890623,"unsplash"
"653_wine.jpg","wine","pouring",59.3333333333333,13.9613588246232,44.1,29.3369461644598,"unsplash"
"654_wine.jpg","wine","pouring",65.9622641509434,21.2611620133908,57.0566037735849,27.4544483535488,"unsplash"
"655_wine.jpg","wine","pouring",69.7272727272727,13.6708465522273,51.948717948718,30.037650687752,"unsplash"
"656_wine.jpg","wine","pouring",51.9622641509434,24.1994614245147,46.811320754717,25.4543759301086,"unsplash"
"657_wine.jpg","wine","pouring",69.6388888888889,17.4636811334311,53,26.3881286440197,"unsplash"
"658_wine.jpg","wine","pouring",67.2830188679245,14.0238496833767,53.4716981132076,25.6714476035333,"unsplash"
"659_wine.jpg","wine","pouring",66.5588235294118,15.5216196758539,49.7179487179487,29.8601553896164,"unsplash"
"660_wine.jpg","wine","pouring",59.0377358490566,20.0652419182171,49.2075471698113,26.4926393918169,"unsplash"
"661_wine.jpg","wine","pouring",70.1578947368421,19.7066682578882,53.7567567567568,30.3199653743256,"unsplash"
"662_wine.jpg","wine","pouring",65.9433962264151,18.7897425928449,55.5283018867924,24.3101781260956,"pexels"
"663_wine.jpg","wine","pouring",38.3055555555556,25.5385640545481,29.7857142857143,27.8913709133949,"pexels"
"664_wine.jpg","wine","pouring",60.6037735849057,16.37815104461,49.0566037735849,23.4925643672955,"pexels"
"665_wine.jpg","wine","pouring",69.2894736842105,16.030221280759,52.2894736842105,27.5591824053371,"pexels"
"666_wine.jpg","wine","pouring",74.9433962264151,19.1707059120656,59.5283018867925,23.9748295683241,"pexels"
"667_wine.jpg","wine","pouring",62.8125,18.8122086302589,41.0540540540541,29.7105910277668,"pexels"
"668_wine.jpg","wine","smoking_context",33.9811320754717,24.3140435567261,35.8867924528302,30.0260530317861,"pexels"
"669_wine.jpg","wine","smoking_context",49.4473684210526,27.495156692339,38.925,29.5794345571032,"pexels"
"670_wine.jpg","wine","smoking_context",58.2264150943396,21.7835872491141,42.0566037735849,26.1617859117069,"pexels"
"671_wine.jpg","wine","smoking_context",44.2894736842105,24.609279610723,39.9024390243902,29.8896343889055,"pexels"
"672_wine.jpg","wine","smoking_context",44.2075471698113,26.7023180285662,33.2641509433962,27.225660226081,"pexels"
"673_wine.jpg","wine","smoking_context",17.3142857142857,21.2516731916661,15.7906976744186,23.6799675630558,"pexels"
"674_wine.jpg","wine","smoking_context",28.4528301886792,25.1744421966588,27.5094339622642,27.3675992043859,"pexels"
"675_wine.jpg","wine","smoking_context",72.6666666666667,14.5012314747995,37.925,29.7281594038121,"pexels"
"676_wine.jpg","wine","smoking_context",40.5094339622642,26.5211255718251,36.7358490566038,27.0882822689899,"pexels"
"677_wine.jpg","wine","smoking_context",53.0810810810811,25.2172542103598,42.6744186046512,30.7336645965769,"pexels"
"678_wine.jpg","wine","social_food",75.075,13.7307207497528,54.4358974358974,31.7090348006559,"unsplash"
"679_wine.jpg","wine","social_food",77.7735849056604,18.5769103059871,59.188679245283,27.236892827824,"unsplash"
"680_wine.jpg","wine","social_food",71.3947368421053,19.893689714817,47.8292682926829,30.3347180957928,"unsplash"
"681_wine.jpg","wine","social_food",75.4615384615385,13.9488655525254,54.475,26.3749954429453,"unsplash"
"682_wine.jpg","wine","social_food",73.5094339622642,17.3555828321227,50.0943396226415,29.8781269048777,"unsplash"
"683_wine.jpg","wine","social_food",78.7142857142857,14.944263463047,62.1,25.8345822692305,"unsplash"
"684_wine.jpg","wine","social_food",75.4716981132076,15.2751731371088,62.4905660377358,22.1356157856948,"pexels"
"685_wine.jpg","wine","social_food",73.7560975609756,11.0017736929208,54.8461538461538,26.0187568592741,"pexels"
"686_wine.jpg","wine","social_setting",74.6756756756757,12.3582047735594,52.1463414634146,27.3446164496869,"unsplash"
"687_wine.jpg","wine","social_setting",78.7924528301887,17.4271654548582,47.3207547169811,28.5803681847049,"unsplash"
"688_wine.jpg","wine","social_setting",75.5,21.0843254691205,58.1904761904762,30.5671895635908,"unsplash"
"689_wine.jpg","wine","social_setting",73.9056603773585,19.1745666393146,62.4528301886792,21.8293786142013,"unsplash"
"690_wine.jpg","wine","social_setting",68.9487179487179,22.8184467365986,46.45,31.7933632810049,"unsplash"
"691_wine.jpg","wine","social_setting",73.7169811320755,17.8200161427132,56.7547169811321,25.5477724908706,"unsplash"
"692_wine.jpg","wine","social_setting",49.969696969697,27.5697806126618,35.975,30.8307933811769,"unsplash"
"693_wine.jpg","wine","social_setting",54.5471698113207,26.0514033563644,45.0566037735849,27.3259633473226,"unsplash"
"694_wine.jpg","wine","social_setting",81.2093023255814,13.5146448600079,64.452380952381,26.8883893529843,"pexels"
"695_wine.jpg","wine","social_setting",61.4528301886792,20.1280191598064,55.2075471698113,26.110975065438,"pexels"
"696_wine.jpg","wine","social_setting",68.2222222222222,19.9758584455067,47.8974358974359,29.4008546884314,"unsplash"
"697_wine.jpg","wine","social_setting",62.2075471698113,18.6952878581394,47.0566037735849,27.6533591604929,"unsplash"
"698_wine.jpg","wine","social_setting",69.578947368421,14.8481167773894,51.7,29.448085567482,"freepik"
"699_wine.jpg","wine","social_setting",78.9622641509434,16.3988300053469,58.7735849056604,28.3200401383855,"unsplash"
"700_wine.jpg","wine","social_setting",60.5277777777778,24.338665430147,44.7692307692308,31.624824974312,"pexels"
"701_wine.jpg","wine","social_setting",76.188679245283,16.8763108935545,64.7924528301887,22.6481095242356,"unsplash"
"702_wine.jpg","wine","social_setting",75.9761904761905,17.7069479201177,59.7380952380952,28.5170548233086,"unsplash"
"703_wine.jpg","wine","social_setting",60.1509433962264,23.3521504745322,49.7735849056604,25.7051637355325,"pixabay"
"704_wine.jpg","wine","social_setting",68.8333333333333,18.4862883549635,49.4615384615385,28.6850833726724,"unsplash"
"705_wine.jpg","wine","social_setting",78.3584905660377,13.9298991376638,61.5094339622642,23.1405593323044,"pixabay"
"706_wine.jpg","wine","social_setting",42.6451612903226,23.2759509466986,27,29.689664708046,"unsplash"
"707_wine.jpg","wine","social_setting",70.7735849056604,15.0813709709311,52.5094339622642,25.0158585405257,"unsplash"
"708_wine.jpg","wine","social_setting",76.125,19.4661935752137,57.6279069767442,27.2344523193325,"unsplash"
"709_wine.jpg","wine","social_setting",68.6603773584906,18.4484139366488,57.4905660377358,28.1900300444006,"unsplash"
"710_wine.jpg","wine","social_setting",72.1052631578947,18.2012614259684,59.5714285714286,27.2039656875412,"unsplash"
"711_wine.jpg","wine","social_setting",77.2452830188679,17.0619974261034,57.6792452830189,24.5221827244904,"unsplash"
"712_wine.jpg","wine","social_setting",75.3255813953488,18.428395442428,58.15,27.1846015991142,"unsplash"
"713_wine.jpg","wine","social_setting",76.8301886792453,16.1765925967318,60.622641509434,22.5458732494563,"unsplash"
"714_wine.jpg","wine","social_setting",72.6,22.9344662809001,58.219512195122,25.9629661201508,"unsplash"
"715_wine.jpg","wine","social_setting",66.7547169811321,19.816374018606,49.4528301886792,26.0218591821863,"unsplash"
"716_wine.jpg","wine","social_setting",67.1538461538462,29.6634973818509,56.0731707317073,29.3064756017356,"unsplash"
"717_wine.jpg","wine","social_setting",72.1509433962264,20.8450291311263,58.7735849056604,24.1650108703233,"unsplash"
"718_wine.jpg","wine","social_setting",73.078947368421,16.7483465564674,52.4102564102564,30.4421089496267,"pexels"
"719_wine.jpg","wine","social_setting",71.1509433962264,18.4728451709062,58.6981132075472,26.8088568212794,"pexels"
"720_wine.jpg","wine","social_setting",70,17.5775831265686,47.0540540540541,31.2026939238923,"pexels"
"721_wine.jpg","wine","social_setting",65.6603773584906,23.3624809307461,51.4150943396226,24.8661292356492,"pexels"
"722_wine.jpg","wine","social_setting",69.3333333333333,20.9502812800756,51.5,31.4855179064572,"pexels"
"723_wine.jpg","wine","social_setting",62.4905660377358,26.6578193475338,47.7547169811321,28.3527950463017,"pexels"
"724_wine.jpg","wine","social_setting",78.35,15.1192694166189,62.6666666666667,24.1577418486925,"pexels"
"725_wine.jpg","wine","social_setting",54.0943396226415,22.4261730256133,44.4905660377358,28.1866189212524,"pexels"
"726_wine.jpg","wine","social_setting",75.7631578947368,18.268913502696,50.2619047619048,30.099071798191,"pexels"
"727_wine.jpg","wine","social_setting",71.6603773584906,19.2543135988421,60.188679245283,23.4275122647363,"pexels"
"728_wine.jpg","wine","social_setting",71.0697674418605,18.189996398907,52.2,27.1124912076921,"pixabay"
"729_wine.jpg","wine","social_setting",63.622641509434,20.1877975473136,45.8301886792453,24.6184232522161,"unsplash"
"730_wine.jpg","wine","social_setting",68.7352941176471,22.6385415842626,47.6410256410256,29.6039534873009,"pixabay"
